signal_squared,p,repetition,risk
5,20,1,0.178164419265675
5,20,2,0.10077717412475962
5,20,3,0.12598838684445932
5,20,4,0.080219946245663365
5,20,5,0.093965985568322974
5,20,6,0.097715865046937689
5,20,7,0.12681825273103406
5,20,8,0.078155244098507645
5,20,9,0.14680181884756824
5,20,10,0.047853390227805263
5,20,11,0.07411818212361411
5,20,12,0.10528505922950702
5,20,13,0.078434938125446371
5,20,14,0.065816499344295731
5,20,15,0.13157356869684991
5,20,16,0.10351439075097192
5,20,17,0.039212032993191114
5,20,18,0.064813713990794442
5,20,19,0.090126453259895115
5,20,20,0.087661773828215217
5,40,1,0.19898589681500925
5,40,2,0.27733177676129322
5,40,3,0.16851729461535894
5,40,4,0.22033475391253587
5,40,5,0.14456366455167369
5,40,6,0.16571838364413807
5,40,7,0.21949166485615057
5,40,8,0.23224625062283769
5,40,9,0.25457765868151955
5,40,10,0.16836032404271012
5,40,11,0.22903063243182398
5,40,12,0.28181412291350616
5,40,13,0.21589475293556545
5,40,14,0.20121179742036793
5,40,15,0.32221996671782294
5,40,16,0.1946180796560858
5,40,17,0.1668204651135102
5,40,18,0.22230078028122022
5,40,19,0.22776968781468848
5,40,20,0.26880387705754194
5,60,1,0.37669625882810531
5,60,2,0.51188141725885539
5,60,3,0.45645216446737918
5,60,4,0.34819064277584366
5,60,5,0.37450163511725831
5,60,6,0.60370296278954994
5,60,7,0.47421894266583731
5,60,8,0.51669237326273088
5,60,9,0.54348799627484889
5,60,10,0.40887619406362691
5,60,11,0.32662911676323103
5,60,12,0.44778172049555176
5,60,13,0.34171503680598003
5,60,14,0.2962719624787129
5,60,15,0.41282885319147372
5,60,16,0.39604584620201422
5,60,17,0.34950834646890605
5,60,18,0.41341516305889081
5,60,19,0.5274026309736779
5,60,20,0.39420346206904616
5,80,1,0.90560997547147182
5,80,2,0.60682946711743124
5,80,3,0.64358814171272205
5,80,4,0.459742606570471
5,80,5,0.63044783986468667
5,80,6,0.49657527323556722
5,80,7,0.65854375066911441
5,80,8,0.71899500165209584
5,80,9,0.55469549431369702
5,80,10,0.88615535478673479
5,80,11,0.64163233753617477
5,80,12,0.91670401617763397
5,80,13,0.7065048387942916
5,80,14,0.41329703682272306
5,80,15,0.64108273089243384
5,80,16,0.85172742678578861
5,80,17,0.47901709753176408
5,80,18,0.55528454474781919
5,80,19,0.66263726290775549
5,80,20,0.79919396944493526
5,100,1,0.70822701144940048
5,100,2,0.90302107682246946
5,100,3,1.2787659873917137
5,100,4,1.0946525259331179
5,100,5,1.2069028987047641
5,100,6,1.2774887789776828
5,100,7,0.89802134759835872
5,100,8,0.77534385882123857
5,100,9,1.0405604653513183
5,100,10,1.171211909636283
5,100,11,1.0525770626089506
5,100,12,1.1241839333531189
5,100,13,1.4477956352649552
5,100,14,1.093124488401646
5,100,15,1.0026059989499561
5,100,16,1.3102454828287418
5,100,17,1.1447354595857444
5,100,18,0.97064830991650297
5,100,19,1.0709371200719329
5,100,20,1.154243407687696
5,120,1,1.6817921047181101
5,120,2,0.85433928089594191
5,120,3,1.7727837915098015
5,120,4,2.4144187156989028
5,120,5,1.3579916967713284
5,120,6,1.530822224195602
5,120,7,1.1715224031001832
5,120,8,1.2544221572700884
5,120,9,1.4049332379693305
5,120,10,1.2722258698730604
5,120,11,1.3778157858259727
5,120,12,1.711634044340282
5,120,13,1.4809348610415674
5,120,14,1.2914420193007792
5,120,15,1.4206372983745628
5,120,16,1.8792412612296174
5,120,17,1.9986903188350711
5,120,18,1.8631437956583987
5,120,19,1.717818352277154
5,120,20,1.3968331028542162
5,140,1,2.0567393454801217
5,140,2,1.5928759238503607
5,140,3,2.5144692778026081
5,140,4,1.2485310173777295
5,140,5,2.4032795973801133
5,140,6,2.3707547869847785
5,140,7,2.7044890603780005
5,140,8,1.5908332354192731
5,140,9,2.486132404047801
5,140,10,2.4548179814127988
5,140,11,2.7350861794845138
5,140,12,2.5623815586448364
5,140,13,2.2636540252711765
5,140,14,2.2875881857540579
5,140,15,2.4156245194672801
5,140,16,2.8079998413313798
5,140,17,2.3118094304763619
5,140,18,1.8549335558474507
5,140,19,1.9011341097353043
5,140,20,2.1899487536886286
5,160,1,2.9981009268365115
5,160,2,4.4338104624430947
5,160,3,6.7450671642434017
5,160,4,4.0756596313458386
5,160,5,3.9296891458415528
5,160,6,5.5763909835285812
5,160,7,5.38574279687783
5,160,8,2.9246097138265039
5,160,9,6.1196944651360479
5,160,10,4.0231789443158092
5,160,11,3.3722581314194922
5,160,12,4.4078117712281237
5,160,13,3.860608758039028
5,160,14,3.0573870860464929
5,160,15,4.0800042103056411
5,160,16,2.6045935321775606
5,160,17,3.5254918136142819
5,160,18,3.5562521340103652
5,160,19,4.6351653578462741
5,160,20,2.7265518637813697
5,180,1,6.138407328278368
5,180,2,14.378208643794455
5,180,3,7.7145817062426412
5,180,4,6.6935877936325126
5,180,5,8.8896028554208488
5,180,6,9.032382668171973
5,180,7,12.034798654949507
5,180,8,8.3773714285282299
5,180,9,15.634005881832985
5,180,10,6.3720735328350564
5,180,11,8.4754916392574486
5,180,12,6.890728913903283
5,180,13,13.928303930391696
5,180,14,7.2204360729600268
5,180,15,6.2632866599818957
5,180,16,5.8283756631205978
5,180,17,10.702822228654908
5,180,18,9.6147698715678889
5,180,19,7.2760630594054483
5,180,20,8.4491437194770374
5,199,1,63.513810085130558
5,199,2,967.20388894132589
5,199,3,3319.5199035120659
5,199,4,2989.1667267097132
5,199,5,37.569052375227926
5,199,6,122.47001993455673
5,199,7,95.398395060565434
5,199,8,51.535670649100609
5,199,9,105.7775805466419
5,199,10,93.265202725260195
5,199,11,43.789724618867901
5,199,12,117.59145198077225
5,199,13,55.096149497586815
5,199,14,229.14403646330678
5,199,15,427.38308604736301
5,199,16,162.69751562211709
5,199,17,310.17574132507082
5,199,18,145.91054052421467
5,199,19,109.06495991114267
5,199,20,8007.542272861926
5,200,1,49573.536222668197
5,200,2,332.39871136298899
5,200,3,8619.2863578716187
5,200,4,340.85048299996623
5,200,5,11097.165022907082
5,200,6,71.463750195340594
5,200,7,542.79824314633709
5,200,8,760.72350675027724
5,200,9,42.212472587798722
5,200,10,18903.759278717509
5,200,11,176.56564580363198
5,200,12,1461.6582601409145
5,200,13,38.817135447688905
5,200,14,498.60984030099991
5,200,15,86.848921219935903
5,200,16,225.80852658086854
5,200,17,1231.1690092745284
5,200,18,1783138.0028393723
5,200,19,369.04283705346478
5,200,20,259.42609126959263
5,220,1,16.352116459614056
5,220,2,11.876603858880991
5,220,3,7.3362606167878139
5,220,4,15.421219321816503
5,220,5,15.464777082981996
5,220,6,13.212580714114308
5,220,7,16.052330306802588
5,220,8,9.6464364151393447
5,220,9,8.8485289858076417
5,220,10,13.829502823204521
5,220,11,12.952394839009758
5,220,12,12.210008587871874
5,220,13,8.9635507210623793
5,220,14,7.3440123071450563
5,220,15,7.0859126433769291
5,220,16,12.986257848714471
5,220,17,8.5640191328193254
5,220,18,8.6426719599729918
5,220,19,11.80358185351003
5,220,20,10.504874825805494
5,240,1,4.8197877623118321
5,240,2,8.1263045671244534
5,240,3,6.99226361887703
5,240,4,7.8006762675483543
5,240,5,4.9065446474110308
5,240,6,6.2361872739957738
5,240,7,5.7949396076741255
5,240,8,8.9249745000464955
5,240,9,6.8934339393353996
5,240,10,6.537161699943657
5,240,11,6.7096841773567846
5,240,12,7.9728869554418447
5,240,13,4.9750479290728364
5,240,14,5.7010093065489693
5,240,15,6.972101411894057
5,240,16,5.4285314995667031
5,240,17,6.1545708463386513
5,240,18,8.844253021270136
5,240,19,7.1293555959501953
5,240,20,5.3721279802168596
5,260,1,4.3071480993337188
5,260,2,4.8576365047550398
5,260,3,3.4523826774512871
5,260,4,3.8394543289087188
5,260,5,3.3930893637537087
5,260,6,4.6050058618805831
5,260,7,4.4850866089753927
5,260,8,3.3376227419319018
5,260,9,4.4368686841352485
5,260,10,4.3299054120139715
5,260,11,3.7426380954482075
5,260,12,5.1496826194460503
5,260,13,5.0599355132887842
5,260,14,3.804615568146799
5,260,15,4.6635874312213161
5,260,16,5.5125336828943849
5,260,17,4.0104267840506971
5,260,18,4.5924460557781819
5,260,19,4.4677334269292155
5,260,20,3.8780920622439452
5,300,1,3.6163810887501744
5,300,2,3.3412456632195759
5,300,3,3.0034636720442673
5,300,4,3.0501497588450004
5,300,5,4.1558274666366888
5,300,6,3.4882843010662281
5,300,7,3.5158509621394232
5,300,8,3.7264369786493488
5,300,9,3.2471808382892542
5,300,10,3.661378421228318
5,300,11,3.8338852358214752
5,300,12,3.2820385040870037
5,300,13,3.1070151294989548
5,300,14,3.1158394533237899
5,300,15,3.7817377614956258
5,300,16,3.836880180289866
5,300,17,3.2935403622685513
5,300,18,4.4004412535318878
5,300,19,3.622539144076546
5,300,20,3.9874541264089971
5,400,1,3.8911930254984788
5,400,2,3.7853299199655988
5,400,3,3.4375764031706795
5,400,4,3.6917780908002067
5,400,5,3.0263231024242785
5,400,6,3.5265218756137409
5,400,7,3.4134553801870897
5,400,8,3.7469178881312319
5,400,9,3.2974242456388136
5,400,10,3.4079795090429008
5,400,11,3.3087860787854115
5,400,12,3.671578213687102
5,400,13,3.5594584522463739
5,400,14,3.5532575621359732
5,400,15,3.467938791125599
5,400,16,3.0229791837435989
5,400,17,3.1343034226520445
5,400,18,3.6143334380151564
5,400,19,3.5754219383623336
5,400,20,3.2640852136580305
5,600,1,4.0628088688894888
5,600,2,3.7273766149941472
5,600,3,3.646384661614325
5,600,4,3.7469134629258525
5,600,5,4.1201139960290849
5,600,6,4.004256316237397
5,600,7,3.9737700274530194
5,600,8,3.9288163128412372
5,600,9,3.7009976770164403
5,600,10,3.7035961737702343
5,600,11,3.7037635828883029
5,600,12,3.648340768141237
5,600,13,3.9146613445218734
5,600,14,4.2297717450330188
5,600,15,3.5426811518333765
5,600,16,3.9361398954012503
5,600,17,3.9037527281240472
5,600,18,3.7621367453468855
5,600,19,3.9915789051727235
5,600,20,3.8872574839356453
2,20,1,0.14637615712129645
2,20,2,0.16607087312688054
2,20,3,0.096260147499295498
2,20,4,0.076068298108716056
2,20,5,0.12009797181834375
2,20,6,0.11274053653530447
2,20,7,0.15442419957562187
2,20,8,0.08841868588229812
2,20,9,0.070818431609646293
2,20,10,0.064934927364200465
2,20,11,0.057783427759017486
2,20,12,0.071554607856387842
2,20,13,0.15044129700125294
2,20,14,0.080367503292576692
2,20,15,0.067324954377383062
2,20,16,0.066857708882727143
2,20,17,0.1795328093569965
2,20,18,0.069124790898920443
2,20,19,0.18231157752056243
2,20,20,0.051463617012147488
2,40,1,0.25710331580388673
2,40,2,0.26251147207010805
2,40,3,0.22738826881233207
2,40,4,0.25149614025719602
2,40,5,0.31201485814312957
2,40,6,0.36371967986638243
2,40,7,0.22483947222230274
2,40,8,0.24931485261246628
2,40,9,0.22879886055848925
2,40,10,0.16831511471967747
2,40,11,0.24443328612677567
2,40,12,0.19342150223819365
2,40,13,0.21118459376768234
2,40,14,0.28086295529859001
2,40,15,0.29708694253772772
2,40,16,0.19218761872099072
2,40,17,0.29164171201855865
2,40,18,0.28793033342552032
2,40,19,0.21333649174827399
2,40,20,0.22035461598562467
2,60,1,0.46743901284137312
2,60,2,0.55551505830281256
2,60,3,0.33759029590165579
2,60,4,0.31906454531523593
2,60,5,0.39886358587991555
2,60,6,0.49584175227789973
2,60,7,0.61269980074955566
2,60,8,0.43232254709599272
2,60,9,0.40031162909061452
2,60,10,0.39300687459692485
2,60,11,0.55952662590913915
2,60,12,0.32902610711233798
2,60,13,0.28475886509230819
2,60,14,0.29042894566768029
2,60,15,0.42894447798915997
2,60,16,0.41242336327011686
2,60,17,0.40877903975502644
2,60,18,0.52000327069958963
2,60,19,0.43904857171151018
2,60,20,0.49768866242285209
2,80,1,0.57115424088794275
2,80,2,0.55248201352874049
2,80,3,0.60051213008506787
2,80,4,0.82253637822455583
2,80,5,0.76483924560220617
2,80,6,0.66233549516889045
2,80,7,0.50247284406479342
2,80,8,0.79152538621465951
2,80,9,0.6918064185487498
2,80,10,0.52636075346956546
2,80,11,0.69576267717596341
2,80,12,0.69685874419602822
2,80,13,0.75456715785415107
2,80,14,0.4699834782636968
2,80,15,0.80281249455961579
2,80,16,0.66558755649349521
2,80,17,0.56987193044902396
2,80,18,0.59895660015233099
2,80,19,1.1633973578437067
2,80,20,0.49263663093683657
2,100,1,0.83230535286381802
2,100,2,0.92935575011369387
2,100,3,1.0884376010915895
2,100,4,1.197801708156127
2,100,5,1.0981948036229856
2,100,6,1.3760782104623479
2,100,7,1.0188734444483056
2,100,8,1.154944927943498
2,100,9,1.6007578544494607
2,100,10,1.0218711002386958
2,100,11,1.1367022897993637
2,100,12,0.9958553288865285
2,100,13,0.81288522717236744
2,100,14,0.86643930665711422
2,100,15,0.90892189782616761
2,100,16,1.0278664187911011
2,100,17,0.87171245896206095
2,100,18,0.97394639539015315
2,100,19,0.82637654505272862
2,100,20,0.96505323185832381
2,120,1,1.7205698362147901
2,120,2,1.6453762067538895
2,120,3,2.0579689244825072
2,120,4,1.9547817319491305
2,120,5,1.6890444580789774
2,120,6,1.575086950779667
2,120,7,2.300716884016683
2,120,8,1.9973670422332299
2,120,9,0.93015602678009723
2,120,10,1.6576742639615365
2,120,11,1.6922771428280652
2,120,12,1.7039952337103659
2,120,13,1.4749640633723617
2,120,14,1.9852400804888539
2,120,15,1.3631650079940445
2,120,16,1.6187549269248389
2,120,17,1.3082989354726993
2,120,18,2.2654244626001749
2,120,19,0.99857391123032557
2,120,20,1.4033726424784749
2,140,1,2.17522733382321
2,140,2,2.0828531257269587
2,140,3,2.3529248578533033
2,140,4,1.8885430047853502
2,140,5,2.6507470154457691
2,140,6,2.0879364628220038
2,140,7,1.6916574262687614
2,140,8,1.5170802774112744
2,140,9,2.134309413326938
2,140,10,1.9218678077581408
2,140,11,2.1547935870019064
2,140,12,2.8505195094836937
2,140,13,2.6537105338292042
2,140,14,2.7688692062367655
2,140,15,1.6609373837890635
2,140,16,3.2815671890521911
2,140,17,1.7942579835351695
2,140,18,2.7866408334386601
2,140,19,2.374378474535388
2,140,20,1.8634376024864887
2,160,1,6.1029185616859456
2,160,2,4.876891399788434
2,160,3,5.1369895262245393
2,160,4,3.2628298042776822
2,160,5,5.6478228170730818
2,160,6,4.0558303932415081
2,160,7,3.458652112054839
2,160,8,4.1555314661739979
2,160,9,3.8374433473596015
2,160,10,5.3324560094347495
2,160,11,2.9204701079428506
2,160,12,3.813240657901114
2,160,13,4.6313837794430306
2,160,14,5.0847782191148809
2,160,15,5.1295662835965885
2,160,16,3.2107788697795421
2,160,17,6.0838730691543477
2,160,18,4.2436557921965674
2,160,19,5.610479066271906
2,160,20,5.2426283727857266
2,180,1,18.369718606056914
2,180,2,9.8755383675359631
2,180,3,9.2973274670133446
2,180,4,9.2154693906605694
2,180,5,12.008761169186524
2,180,6,10.625194262851059
2,180,7,10.082998593886533
2,180,8,13.056061239042405
2,180,9,11.820954468743341
2,180,10,5.845701085226124
2,180,11,14.45426304903534
2,180,12,7.5448582558891486
2,180,13,7.7803421467311731
2,180,14,8.8011823282140522
2,180,15,6.2176837795458368
2,180,16,11.435323209330182
2,180,17,12.417163447239066
2,180,18,13.596857923226041
2,180,19,8.2871278012544565
2,180,20,6.4200922136180409
2,199,1,1927.2651919758632
2,199,2,55.866511605201438
2,199,3,129.68258322826748
2,199,4,74.594988324264932
2,199,5,798.90781428591163
2,199,6,104.8358409490675
2,199,7,180.1070748870471
2,199,8,183.19082409362005
2,199,9,925.64559193387254
2,199,10,19.701983511594221
2,199,11,163.05733595817256
2,199,12,50.768695671345952
2,199,13,174.81834567672166
2,199,14,173.86709476256897
2,199,15,223.33547498057777
2,199,16,212.79278299117701
2,199,17,688.69304438021402
2,199,18,118.98715511012892
2,199,19,1463.9329125412596
2,199,20,206.35623810734197
2,200,1,708.92073884174579
2,200,2,165.34580381239829
2,200,3,348.16750825048086
2,200,4,63.731223196317522
2,200,5,51.17385485186508
2,200,6,1983.5173578900053
2,200,7,176.6045294412171
2,200,8,60.048838806888639
2,200,9,112.95202724160319
2,200,10,341.45913345874322
2,200,11,6209.7832922860889
2,200,12,10378.114728972732
2,200,13,52.105516838888967
2,200,14,126.30359004708322
2,200,15,392.14720137384296
2,200,16,214.65872830528247
2,200,17,34.000830606909965
2,200,18,118.0927817196846
2,200,19,1367.1891420115367
2,200,20,87.770939828602025
2,220,1,15.373694283890494
2,220,2,8.222870572187869
2,220,3,8.0670356171924809
2,220,4,7.9290651662909495
2,220,5,11.655524165166568
2,220,6,9.1118337863781012
2,220,7,16.464463823198262
2,220,8,8.1473127791118909
2,220,9,8.3254045807695238
2,220,10,14.462934389709586
2,220,11,14.355197528372905
2,220,12,12.996907519841471
2,220,13,9.862473779675728
2,220,14,14.215724774712781
2,220,15,11.453281849720774
2,220,16,4.9746054971281941
2,220,17,11.26928242910776
2,220,18,10.23937385939694
2,220,19,12.794427727727598
2,220,20,6.8535312795253249
2,240,1,4.2428896603291566
2,240,2,4.3163663795107441
2,240,3,6.2692651720599697
2,240,4,4.157527820547176
2,240,5,4.0515627541026911
2,240,6,4.5395610137893634
2,240,7,5.7600054463346231
2,240,8,5.2779679606478531
2,240,9,5.4104024405353366
2,240,10,9.2458510247687951
2,240,11,6.185067078827104
2,240,12,6.2504251084151363
2,240,13,7.464735081023794
2,240,14,3.787114462579678
2,240,15,4.946334733189949
2,240,16,5.1678726318677191
2,240,17,3.4093065528223043
2,240,18,5.7028241878059944
2,240,19,4.8383130740236044
2,240,20,4.03696192443548
2,260,1,3.2734665141862025
2,260,2,4.4692488885485915
2,260,3,2.5544799518872776
2,260,4,4.4469741925773452
2,260,5,4.6716447862308303
2,260,6,4.1292359312248736
2,260,7,3.9940091144419201
2,260,8,3.8657323917901483
2,260,9,3.9309806273182883
2,260,10,4.8992981946758825
2,260,11,2.7279112493767439
2,260,12,3.2060356696700403
2,260,13,2.7810474174852104
2,260,14,5.049192936218259
2,260,15,3.3579582841096443
2,260,16,4.1072740622874999
2,260,17,3.6888514248021149
2,260,18,3.2227366387868406
2,260,19,3.4915696601952493
2,260,20,4.0305580401464534
2,300,1,2.6508732320165138
2,300,2,2.8704041848483519
2,300,3,2.3244822482411163
2,300,4,2.6648474698391578
2,300,5,2.0845894397660616
2,300,6,2.5630672230014522
2,300,7,2.0671164572907323
2,300,8,2.8644819751814539
2,300,9,2.5556576111452771
2,300,10,3.0331116438579464
2,300,11,2.637834417982901
2,300,12,2.6252094753206956
2,300,13,2.2622830213643796
2,300,14,3.2036362766155988
2,300,15,2.5703264188918848
2,300,16,2.8019614314648855
2,300,17,2.9431324087257518
2,300,18,3.1787463562806133
2,300,19,2.2439342834902964
2,300,20,2.2965311864660998
2,400,1,2.1635038299182017
2,400,2,1.887621118203183
2,400,3,1.9384334968083536
2,400,4,2.0893360289462808
2,400,5,1.5876448903926785
2,400,6,2.1857948293015772
2,400,7,1.7436225448429268
2,400,8,2.134960429189543
2,400,9,1.8218006770569768
2,400,10,1.777264049841778
2,400,11,2.2602045879338557
2,400,12,2.0398640133153778
2,400,13,1.9226236726837564
2,400,14,2.113210013046444
2,400,15,2.1084409028540194
2,400,16,1.6949254600468209
2,400,17,1.7931701000637819
2,400,18,2.0113692302673027
2,400,19,2.158529535272498
2,400,20,1.8331581683641196
2,600,1,1.5632463310157445
2,600,2,1.6506374444306482
2,600,3,1.8856285855169326
2,600,4,1.9745461281506396
2,600,5,1.7965676995608193
2,600,6,1.7955335267824954
2,600,7,1.8164922809577535
2,600,8,1.733421006739077
2,600,9,1.8258462819590431
2,600,10,1.7124584560353491
2,600,11,1.9173921812662889
2,600,12,1.6907214920024389
2,600,13,1.7702476120352832
2,600,14,1.7364554988728111
2,600,15,1.8294504335683777
2,600,16,2.092079079963975
2,600,17,1.6783061689176966
2,600,18,1.9525739453795614
2,600,19,1.9607880634200758
2,600,20,1.7935125103633383
1,20,1,0.069695918562891576
1,20,2,0.094713995245919877
1,20,3,0.07267455170302968
1,20,4,0.10225262603618494
1,20,5,0.079432210566419595
1,20,6,0.11678466208645633
1,20,7,0.12512906868402718
1,20,8,0.10329347822543536
1,20,9,0.12256480966918351
1,20,10,0.081949542314252402
1,20,11,0.12053415313112285
1,20,12,0.13595611271295155
1,20,13,0.077905786082957354
1,20,14,0.068379746822782042
1,20,15,0.18541119724846794
1,20,16,0.1025867199158578
1,20,17,0.13464233262182118
1,20,18,0.10142703652965754
1,20,19,0.076758679065637353
1,20,20,0.15052331713760914
1,40,1,0.18424286452295083
1,40,2,0.16360646182427643
1,40,3,0.26557206997777805
1,40,4,0.23245105023483539
1,40,5,0.3035807563263106
1,40,6,0.26597056389091633
1,40,7,0.22300391013318738
1,40,8,0.26665944031664368
1,40,9,0.23314993518506433
1,40,10,0.19812578859623978
1,40,11,0.25302649454599085
1,40,12,0.23533295418797717
1,40,13,0.34176991509696952
1,40,14,0.21619900712423329
1,40,15,0.26455197055930885
1,40,16,0.16567505160473844
1,40,17,0.35823140790720648
1,40,18,0.32726174566072641
1,40,19,0.26885673307687352
1,40,20,0.2594460120990052
1,60,1,0.47585607407917552
1,60,2,0.3134490082588457
1,60,3,0.3607393190664509
1,60,4,0.52619198487463259
1,60,5,0.45403222759181222
1,60,6,0.38496666047165762
1,60,7,0.45196847576564869
1,60,8,0.45471550558835111
1,60,9,0.5630950004610672
1,60,10,0.41832746278918037
1,60,11,0.44963557113564762
1,60,12,0.49309102314003056
1,60,13,0.30969512513411873
1,60,14,0.28322785381717364
1,60,15,0.37347105873552972
1,60,16,0.37466363043217243
1,60,17,0.2921423354488818
1,60,18,0.67399793869069902
1,60,19,0.5634868404013369
1,60,20,0.38262778685945736
1,80,1,0.78013210970922475
1,80,2,0.81870609655872884
1,80,3,0.60196363788225105
1,80,4,0.77318176302952035
1,80,5,0.80683691846455297
1,80,6,0.71017677298853343
1,80,7,0.63647166729905191
1,80,8,0.85599952283718539
1,80,9,0.79982379419818583
1,80,10,0.66471935362500456
1,80,11,0.76059658946533315
1,80,12,0.980821173103816
1,80,13,0.66968998979055527
1,80,14,0.97517824012059429
1,80,15,0.66843967594417319
1,80,16,0.47218727400374982
1,80,17,0.6708167639949898
1,80,18,0.63980042878574561
1,80,19,0.82097514599366506
1,80,20,0.40091632104481945
1,100,1,0.91235118484594058
1,100,2,1.1048483615664131
1,100,3,1.445528797785153
1,100,4,0.92816243013122934
1,100,5,0.93287811518423336
1,100,6,1.106049306474034
1,100,7,0.82841404562542109
1,100,8,1.083550380899611
1,100,9,1.005018083990189
1,100,10,0.92283464989514208
1,100,11,1.0721330803074651
1,100,12,0.86237370910527877
1,100,13,0.98208896513509225
1,100,14,0.89390107124815721
1,100,15,1.1545509915441827
1,100,16,0.95897191964676809
1,100,17,0.90500325476303622
1,100,18,0.80251909566186741
1,100,19,0.57148931525108004
1,100,20,0.93671752215078186
1,120,1,1.5221200403522668
1,120,2,1.7157066652153439
1,120,3,1.5236794562161302
1,120,4,1.3121939631168991
1,120,5,1.5786083112847005
1,120,6,0.98547872195961816
1,120,7,1.3468048698685826
1,120,8,1.3889077614367658
1,120,9,2.0878687641550373
1,120,10,1.6619090195014927
1,120,11,1.1787057810077886
1,120,12,1.6882483397924262
1,120,13,1.1343903951101806
1,120,14,1.3681751712616068
1,120,15,1.6851108417299578
1,120,16,1.2891802789413105
1,120,17,1.9110343834317978
1,120,18,1.856413825685062
1,120,19,1.0286725800087355
1,120,20,1.7565631881774892
1,140,1,2.7812225611652073
1,140,2,2.1970455575423755
1,140,3,1.8415357752365518
1,140,4,2.011031541077037
1,140,5,2.3208758102626104
1,140,6,1.87677722739237
1,140,7,2.613735333726948
1,140,8,2.5044761696175599
1,140,9,2.7699762135412769
1,140,10,1.7382687829255736
1,140,11,1.6759231856715706
1,140,12,2.5640109231390174
1,140,13,2.6374045197105125
1,140,14,2.5093344513773146
1,140,15,2.0907372894942378
1,140,16,1.8798474920842234
1,140,17,1.9892568619163804
1,140,18,1.7386469278307732
1,140,19,2.1711821413007146
1,140,20,2.3262030530345337
1,160,1,4.3795314031110051
1,160,2,5.4365837259588572
1,160,3,2.8656511414526631
1,160,4,4.7140104445810325
1,160,5,3.4889380630336291
1,160,6,3.1095774574580166
1,160,7,2.9624624359361689
1,160,8,4.4130846150032434
1,160,9,6.6202990748895481
1,160,10,4.9114062969484751
1,160,11,3.9494182032623995
1,160,12,3.3400719431457917
1,160,13,3.098552017575559
1,160,14,3.4979437060164442
1,160,15,3.3051092972448126
1,160,16,3.5879170615841645
1,160,17,3.8318696696683774
1,160,18,3.6205485521460297
1,160,19,3.1349620816953738
1,160,20,4.3381042985229099
1,180,1,14.28171189447751
1,180,2,9.931416073114061
1,180,3,7.8299143465524121
1,180,4,13.941174012199463
1,180,5,6.7683109894584632
1,180,6,6.4198589659832592
1,180,7,17.343039835625433
1,180,8,9.0871891108445713
1,180,9,13.453142265812286
1,180,10,7.7941972839971241
1,180,11,11.782162897300712
1,180,12,7.5020629286275016
1,180,13,9.6961338769863499
1,180,14,5.1334874694764041
1,180,15,8.6172237753392409
1,180,16,8.0041987768442979
1,180,17,6.7527969524436671
1,180,18,7.3727163027569977
1,180,19,12.704643386489572
1,180,20,11.838984932951728
1,199,1,595.88504747433285
1,199,2,108.83905364451749
1,199,3,1315.7289953137697
1,199,4,27.693701969517168
1,199,5,47.769585539654699
1,199,6,80.431873209470595
1,199,7,34.9068559994368
1,199,8,146.65193647873576
1,199,9,56.390095670480747
1,199,10,2412.3085453251397
1,199,11,57.678030650266571
1,199,12,33.936235513518227
1,199,13,50.69176824701259
1,199,14,82.054737673326315
1,199,15,43.416310062101743
1,199,16,1093.9569147522486
1,199,17,540.5042511323187
1,199,18,313.40344893569255
1,199,19,110.35280731559132
1,199,20,45.815792777040038
1,200,1,80282.691170100094
1,200,2,861.40985288868194
1,200,3,104.1320747179338
1,200,4,102.11931592184366
1,200,5,2542.4465170183562
1,200,6,1847.2124170163613
1,200,7,191.7985001132601
1,200,8,111.4545429938216
1,200,9,3101.434303874526
1,200,10,11.554340250246629
1,200,11,2092.9993953649873
1,200,12,3393.7809170735218
1,200,13,158.19359358165298
1,200,14,38.194966548743061
1,200,15,1359.7290634691026
1,200,16,14605.15403534174
1,200,17,61.266962462321963
1,200,18,704.44852336011218
1,200,19,102.75793592885486
1,200,20,48.472363148871345
1,220,1,10.820255679739352
1,220,2,25.278163524896542
1,220,3,11.863995061927966
1,220,4,7.2212703059952803
1,220,5,12.610718868784259
1,220,6,13.080791427768713
1,220,7,12.477437621345045
1,220,8,10.255161298069593
1,220,9,8.2835191479042436
1,220,10,9.5828265539762469
1,220,11,8.8301951596900441
1,220,12,8.1517631438091396
1,220,13,8.7103189990055938
1,220,14,13.69811349027851
1,220,15,9.712003243856751
1,220,16,8.0487269379440392
1,220,17,8.6083705780675821
1,220,18,14.874595875496864
1,220,19,6.63957964134348
1,220,20,9.1848046843271884
1,240,1,6.7204421528697313
1,240,2,5.2026909294282131
1,240,3,5.360974134439128
1,240,4,4.0540808511371171
1,240,5,8.480420794595398
1,240,6,3.822490529803932
1,240,7,5.413561759900551
1,240,8,4.3275642444247788
1,240,9,6.0031938548317569
1,240,10,5.2749056469579969
1,240,11,3.7986541242690559
1,240,12,6.8253462336707367
1,240,13,5.0109645304508721
1,240,14,5.5487040061071689
1,240,15,4.9848952744425894
1,240,16,6.0545132451436805
1,240,17,5.8826028479286165
1,240,18,4.4100901919036106
1,240,19,4.7193979066605367
1,240,20,4.4818754461508892
1,260,1,3.0470210004925566
1,260,2,4.572805859217639
1,260,3,2.9464516675379873
1,260,4,3.6229284099450387
1,260,5,3.227093185396801
1,260,6,3.5668688829780204
1,260,7,3.5151873141144558
1,260,8,3.3793914577978073
1,260,9,2.8971393504541001
1,260,10,3.9995315433240175
1,260,11,3.7573414894631525
1,260,12,4.092530092525938
1,260,13,4.0970889877762779
1,260,14,3.2326118525272483
1,260,15,4.0747476121500599
1,260,16,3.5030606455107494
1,260,17,3.9407183580696672
1,260,18,3.4371048419563723
1,260,19,3.3662041405852041
1,260,20,3.8207653349681419
1,300,1,3.034434114411821
1,300,2,2.5910946816649143
1,300,3,2.0643268530960359
1,300,4,2.2435635585966476
1,300,5,2.3324359372470753
1,300,6,2.737767470576709
1,300,7,2.4838235891112892
1,300,8,1.8367995812087641
1,300,9,2.3886572561693118
1,300,10,2.2950606757465053
1,300,11,2.2712627108332017
1,300,12,2.1563365403346531
1,300,13,2.6601534229313741
1,300,14,2.7554388382510551
1,300,15,3.1324442548345104
1,300,16,2.6203416826916777
1,300,17,2.4909265364395727
1,300,18,1.9683724902944228
1,300,19,2.3706876680463349
1,300,20,2.2370919336114201
1,400,1,1.5767324026723954
1,400,2,1.4265954308635245
1,400,3,1.4047156278578696
1,400,4,1.3138926712057952
1,400,5,2.0298164130806007
1,400,6,1.4135185920699087
1,400,7,1.3608625504315148
1,400,8,1.568071051896297
1,400,9,1.5412379100786335
1,400,10,1.4817204071249681
1,400,11,1.7686608425428607
1,400,12,1.5406790890900441
1,400,13,1.6567862703304126
1,400,14,1.421542993924451
1,400,15,1.9556763282890319
1,400,16,1.3648180065681854
1,400,17,1.427097488290306
1,400,18,1.630221327287938
1,400,19,1.5268085458078926
1,400,20,1.7133564059736932
1,600,1,1.2047096586566113
1,600,2,1.0765977206416568
1,600,3,1.155609745818784
1,600,4,1.0764272503284009
1,600,5,1.1059912200426225
1,600,6,1.2476897377148066
1,600,7,1.1986418148010758
1,600,8,1.1246208682653633
1,600,9,1.0887897798656709
1,600,10,1.1112809644212118
1,600,11,1.2111083866017338
1,600,12,1.1435451006011446
1,600,13,1.2505755716764411
1,600,14,1.0667457515290149
1,600,15,1.1830128917177285
1,600,16,1.0958876510194351
1,600,17,1.0920106017621534
1,600,18,1.1716251942493185
1,600,19,1.2403420535537921
1,600,20,1.2815268749564475
